{"cameraMode":{"drawMode":0,"name":"Shaded","section":"Shading Mode"},"sceneLighting":true,"audioPlay":false,"sceneViewState":{"m_AlwaysRefresh":false,"showFog":true,"showSkybox":true,"showFlares":true,"showImageEffects":true,"showParticleSystems":true,"showVisualEffectGraphs":true,"m_FxEnabled":true},"in2DMode":false,"pivot":{"x":0.26143091917037966,"y":0.6529281735420227,"z":-0.312575101852417},"rotation":{"x":0.008778479881584645,"y":0.9900018572807312,"z":-0.12119174748659134,"w":0.0717029944062233},"size":1.1548887491226197,"orthographic":false}