{"cameraMode":{"drawMode":0,"name":"Shaded","section":"Shading Mode"},"sceneLighting":true,"audioPlay":false,"sceneViewState":{"m_AlwaysRefresh":false,"showFog":true,"showSkybox":true,"showFlares":true,"showImageEffects":true,"showParticleSystems":true,"showVisualEffectGraphs":true,"m_FxEnabled":true},"in2DMode":false,"pivot":{"x":366.6990661621094,"y":249.09408569335938,"z":323.302978515625},"rotation":{"x":0.015309556387364865,"y":0.004810973536223173,"z":-0.000054870335588930175,"w":0.999889075756073},"size":402.7933044433594,"orthographic":false}